{"cameraMode":{"drawMode":0,"name":"Shaded","section":"Shading Mode"},"sceneLighting":false,"audioPlay":false,"sceneViewState":{"showFog":true,"showMaterialUpdate":false,"showSkybox":false,"showFlares":true,"showImageEffects":true,"showParticleSystems":true},"in2DMode":false,"pivot":{"x":0.0,"y":0.004560917615890503,"z":7.188006401062012},"rotation":{"x":-0.5621219277381897,"y":-0.028074217960238458,"z":0.018992185592651368,"w":-0.8264077305793762},"size":3.4091525077819826,"orthographic":false}